ObjectID,GlobalID,Monitoring Date,Monitor Names,Vernal Pool?,Vernal Pool Name or Number,Vernal Pool Axis,Project Site,Unlisted Project Site,Lagoon Transect Name/Number,Unlisted Lagoon Transect Name/Number,NCOS Transect Name/Number,NP Transect Name/Number,Unlisted NP Transect Name/Number,Transect Name/Number,Total Transect Length,Transect Start Time,Transect Finish Time,Transect Notes,Transect Distance of Quadrat,Side of Transect (Left or Right),Vernal Pool Zone,Quadrat Notes (Optional),Percent Bare Ground,Percent Natural Thatch,Percent Mowed/Trimmed Thatch,Thatch Notes (Optional),Count of Native Species,Sum of Native Cover,Count of Non-Native Species,Sum of Non-Native Cover,Count of Unknown Species,Sum of Unknown Cover,Sum of Thatch,Sum of Other Cover,Bare Ground,SUM of ALL COVER,CreationDate,Creator,EditDate,Editor,Seep Transect Name/Number,WSW Transect Name/Number,x,y
12645,cfc9351e-f68a-4af7-a8e9-05fc55de9714,7/17/2026 7:00:00 PM,"Zac P, Zac S",no,,,ncos,,,,GL-07,,,,30,13:32,,,0,Left,,,0,10,100,Sheep,2,12,2,12,0,0,110,0,0,134,7/17/2026 11:52:10 PM,ccber_user,7/17/2026 11:52:10 PM,ccber_user,,,-119.878260153483,34.4182247256761
12646,64501113-ab03-4682-82d4-3e2ff1e06674,7/17/2026 7:00:00 PM,"Zac P, Zac S",no,,,ncos,,,,GL-07,,,,30,13:32,,,3,Right,,,0,10,100,Sheep,2,16,2,11,0,0,110,0,0,137,7/17/2026 11:52:13 PM,ccber_user,7/17/2026 11:52:13 PM,ccber_user,,,-119.878278009587,34.4182704970009
12647,7c93ab27-f2f6-44f0-aca4-693097a9ed3d,7/17/2026 7:00:00 PM,"Zac P, Zac S",no,,,ncos,,,,GL-07,,,,30,13:32,,,6,Left,,,0,10,100,Sheep,3,12,2,11,0,0,110,0,0,133,7/17/2026 11:52:16 PM,ccber_user,7/17/2026 11:52:16 PM,ccber_user,,,-119.878285671998,34.4182743433687
12648,ae2f3c59-8dc4-4b9e-8d75-186aa8bf68fd,7/17/2026 7:00:00 PM,"Zac P, Zac S",no,,,ncos,,,,GL-07,,,,30,13:32,,,9,Right,,,0,10,100,Sheep,2,18,1,10,0,0,110,0,0,138,7/17/2026 11:52:17 PM,ccber_user,7/17/2026 11:52:17 PM,ccber_user,,,-119.87828404958,34.4183050010883
12649,d9e123be-599a-4c0b-ae15-2a8ea755548b,7/17/2026 7:00:00 PM,"Zac P, Zac S",no,,,ncos,,,,GL-07,,,,30,13:32,,,12,Left,,,0,10,100,Sheep,3,24,1,15,0,0,110,0,0,149,7/17/2026 11:52:19 PM,ccber_user,7/17/2026 11:52:19 PM,ccber_user,,,-119.878269618448,34.4183559056864
12650,b311ce87-1a28-460b-b43c-5a5cab2060a9,7/17/2026 7:00:00 PM,"Zac P, Zac S",no,,,ncos,,,,GL-07,,,,30,13:32,,,15,Right,,,0,10,100,Sheep,3,20,1,10,0,0,110,0,0,140,7/17/2026 11:52:20 PM,ccber_user,7/17/2026 11:52:20 PM,ccber_user,,,-119.878257714535,34.4183708628875
12651,bb05810d-888e-4e1c-a2f3-f12f7b978487,7/17/2026 7:00:00 PM,"Zac P, Zac S",no,,,ncos,,,,GL-07,,,,30,13:32,,,18,Left,,,0,10,100,Sheep,1,3,1,10,0,0,110,0,0,123,7/17/2026 11:52:22 PM,ccber_user,7/17/2026 11:52:22 PM,ccber_user,,,-119.878256905174,34.4183768214792
12653,4b84ce1f-7e29-4a99-a4af-4c78acfbf3cc,7/17/2026 7:00:00 PM,"Zac P, Zac S",no,,,ncos,,,,GL-07,,,,30,13:32,,,21,Right,,,0,10,100,Sheep,1,1,1,10,0,0,110,0,0,121,7/17/2026 11:52:23 PM,ccber_user,7/17/2026 11:52:23 PM,ccber_user,,,-119.878246639273,34.4184112180455
12655,1b9f9966-fe2a-4be8-8ff6-7a1b15057a44,7/17/2026 7:00:00 PM,"Zac P, Zac S",no,,,ncos,,,,GL-07,,,,30,13:32,,,24,Left,,,0,10,100,Sheep,2,11,1,10,0,0,110,0,0,131,7/17/2026 11:52:25 PM,ccber_user,7/17/2026 11:52:25 PM,ccber_user,,,-119.878241651493,34.4184219204547
12658,56be8bb6-ab3a-449b-84b6-6f0b7340ea89,7/17/2026 7:00:00 PM,"Zac P, Zac S",no,,,ncos,,,,GL-07,,,,30,13:32,,,27,Right,,,0,10,100,Sheep,1,1,1,10,0,0,110,0,0,121,7/17/2026 11:52:26 PM,ccber_user,7/17/2026 11:52:26 PM,ccber_user,,,-119.878231514285,34.4184742236735
12662,7481a314-cf47-4bec-afcc-7ec13349939d,7/17/2026 7:00:00 PM,"Zac P, Zac S",no,,,ncos,,,,GL-07,,,,30,13:32,14:11,Sheep grazed,30,Left,,,0,10,100,Sheep,0,0,1,10,0,0,110,0,0,120,7/17/2026 11:52:29 PM,ccber_user,7/17/2026 11:52:29 PM,ccber_user,,,-119.878223953724,34.4185062659934
