ObjectID,GlobalID,Native Species,Unlisted Native Species,Native Species Percent Cover,Native Species Notes,ParentGlobalID,CreationDate,Creator,EditDate,Editor
38460,68574775-3efb-4694-808b-d13d9629f226,Stipa_pulchra,,3,,bb05810d-888e-4e1c-a2f3-f12f7b978487,7/17/2026 11:52:22 PM,ccber_user,7/17/2026 11:52:22 PM,ccber_user
38472,db9490f2-c07d-433c-af97-dc020908863f,,,0,,7481a314-cf47-4bec-afcc-7ec13349939d,7/17/2026 11:52:29 PM,ccber_user,7/17/2026 11:52:29 PM,ccber_user
38464,61723420-46da-480d-bf33-0a2ca68431b7,Distichlis_spicata,,10,,1b9f9966-fe2a-4be8-8ff6-7a1b15057a44,7/17/2026 11:52:25 PM,ccber_user,7/17/2026 11:52:25 PM,ccber_user
38465,dfe1f126-fa53-4ceb-a77d-ce9e00b74364,Stipa_pulchra,,1,,1b9f9966-fe2a-4be8-8ff6-7a1b15057a44,7/17/2026 11:52:25 PM,ccber_user,7/17/2026 11:52:25 PM,ccber_user
38468,6c1d61d5-75c0-425b-b6e8-cb87e39ada79,Stipa_pulchra,,1,,56be8bb6-ab3a-449b-84b6-6f0b7340ea89,7/17/2026 11:52:26 PM,ccber_user,7/17/2026 11:52:26 PM,ccber_user
38449,4fb188e8-ccb2-4a51-902c-70a4f3b0f253,Distichlis_spicata,,9,,7c93ab27-f2f6-44f0-aca4-693097a9ed3d,7/17/2026 11:52:16 PM,ccber_user,7/17/2026 11:52:16 PM,ccber_user
38450,f37179ee-6fac-4171-ba8a-4a16cf7f926d,Stipa_pulchra,,2,,7c93ab27-f2f6-44f0-aca4-693097a9ed3d,7/17/2026 11:52:16 PM,ccber_user,7/17/2026 11:52:16 PM,ccber_user
38451,8cb02b28-895a-4380-b866-87baeaed1890,Cressa_truxillensis,,1,,7c93ab27-f2f6-44f0-aca4-693097a9ed3d,7/17/2026 11:52:16 PM,ccber_user,7/17/2026 11:52:16 PM,ccber_user
38457,387701bd-4f97-4ffa-ba48-a4b14ac526fa,Distichlis_spicata,,18,,b311ce87-1a28-460b-b43c-5a5cab2060a9,7/17/2026 11:52:20 PM,ccber_user,7/17/2026 11:52:20 PM,ccber_user
38458,ffa9a41c-4e54-416f-afbe-e9f9e8a7513f,Baccharis_pilularis,,1,,b311ce87-1a28-460b-b43c-5a5cab2060a9,7/17/2026 11:52:20 PM,ccber_user,7/17/2026 11:52:20 PM,ccber_user
38459,e71bdc51-1de1-4bf7-8c22-bf4bc290346c,Stipa_pulchra,,1,,b311ce87-1a28-460b-b43c-5a5cab2060a9,7/17/2026 11:52:20 PM,ccber_user,7/17/2026 11:52:20 PM,ccber_user
38462,2f7ea6a5-39b9-40a8-beac-317b1dc095d7,Stipa_pulchra,,1,,4b84ce1f-7e29-4a99-a4af-4c78acfbf3cc,7/17/2026 11:52:23 PM,ccber_user,7/17/2026 11:52:23 PM,ccber_user
38447,eac8a093-de54-4d44-b0d3-7f3234fad8ba,Distichlis_spicata,,15,,64501113-ab03-4682-82d4-3e2ff1e06674,7/17/2026 11:52:14 PM,ccber_user,7/17/2026 11:52:14 PM,ccber_user
38448,bccd5e7c-7215-42f7-b8c1-36b9f22ce658,Stipa_pulchra,,1,,64501113-ab03-4682-82d4-3e2ff1e06674,7/17/2026 11:52:14 PM,ccber_user,7/17/2026 11:52:14 PM,ccber_user
38454,b4bd432f-53d7-4f0b-8733-90f7afd33303,Distichlis_spicata,,22,,d9e123be-599a-4c0b-ae15-2a8ea755548b,7/17/2026 11:52:19 PM,ccber_user,7/17/2026 11:52:19 PM,ccber_user
38455,f9aeb1dd-1fef-4ebf-b361-21de79a48ce3,Stipa_pulchra,,1,,d9e123be-599a-4c0b-ae15-2a8ea755548b,7/17/2026 11:52:19 PM,ccber_user,7/17/2026 11:52:19 PM,ccber_user
38456,32fd024f-f840-406f-982c-a63c739eb0e2,Baccharis_pilularis,,1,,d9e123be-599a-4c0b-ae15-2a8ea755548b,7/17/2026 11:52:19 PM,ccber_user,7/17/2026 11:52:19 PM,ccber_user
38452,1ac256e7-c1c4-4547-98de-bc9a9c2c79d3,Distichlis_spicata,,17,,ae2f3c59-8dc4-4b9e-8d75-186aa8bf68fd,7/17/2026 11:52:17 PM,ccber_user,7/17/2026 11:52:17 PM,ccber_user
38453,0afe0506-20fa-492c-aa31-e8047cb6bbc0,Stipa_pulchra,,1,,ae2f3c59-8dc4-4b9e-8d75-186aa8bf68fd,7/17/2026 11:52:17 PM,ccber_user,7/17/2026 11:52:17 PM,ccber_user
38445,68a2a6b4-afad-4375-b10d-359e9718ec22,Distichlis_spicata,,7,,cfc9351e-f68a-4af7-a8e9-05fc55de9714,7/17/2026 11:52:11 PM,ccber_user,7/17/2026 11:52:11 PM,ccber_user
38446,000314d8-8cbc-4f9a-ab6b-17c7bb9cbe9e,Stipa_pulchra,,5,,cfc9351e-f68a-4af7-a8e9-05fc55de9714,7/17/2026 11:52:11 PM,ccber_user,7/17/2026 11:52:11 PM,ccber_user
