ObjectID,GlobalID,Non-Native Species,Unlisted Non-Native Species,Non-Native Species Percent Cover,Non-Native Species Notes,ParentGlobalID,CreationDate,Creator,EditDate,Editor
38023,2463f199-c129-4aa6-a019-621a5e9f6bdb,Festuca_perennis,,10,,bb05810d-888e-4e1c-a2f3-f12f7b978487,7/17/2026 11:52:22 PM,ccber_user,7/17/2026 11:52:22 PM,ccber_user
38032,d248beb7-1329-4d31-8584-1ad654d854ec,Festuca_perennis,,10,,1b9f9966-fe2a-4be8-8ff6-7a1b15057a44,7/17/2026 11:52:25 PM,ccber_user,7/17/2026 11:52:25 PM,ccber_user
38041,65204c14-eb96-4e0c-ac8f-136f10c22773,Festuca_perennis,,10,,56be8bb6-ab3a-449b-84b6-6f0b7340ea89,7/17/2026 11:52:26 PM,ccber_user,7/17/2026 11:52:26 PM,ccber_user
38018,87427b6d-bd52-464a-a5c2-5663f36e21b2,Festuca_perennis,,10,,7c93ab27-f2f6-44f0-aca4-693097a9ed3d,7/17/2026 11:52:16 PM,ccber_user,7/17/2026 11:52:16 PM,ccber_user
38019,25c31fc0-386b-4c94-96e6-19bc3d2494e6,Bromus_hordeaceus,,1,,7c93ab27-f2f6-44f0-aca4-693097a9ed3d,7/17/2026 11:52:16 PM,ccber_user,7/17/2026 11:52:16 PM,ccber_user
38022,3c1d16b1-1581-493f-8455-658bd02003be,Festuca_perennis,,10,,b311ce87-1a28-460b-b43c-5a5cab2060a9,7/17/2026 11:52:20 PM,ccber_user,7/17/2026 11:52:20 PM,ccber_user
38028,e3925841-6826-403f-80ea-d997b1045ed8,Festuca_perennis,,10,,4b84ce1f-7e29-4a99-a4af-4c78acfbf3cc,7/17/2026 11:52:23 PM,ccber_user,7/17/2026 11:52:23 PM,ccber_user
38016,505cc4ce-041d-402c-9af0-55cf7ee722a7,Festuca_perennis,,10,,64501113-ab03-4682-82d4-3e2ff1e06674,7/17/2026 11:52:14 PM,ccber_user,7/17/2026 11:52:14 PM,ccber_user
38017,8df556bc-2fb0-448c-94b9-c22f4cea70f9,Bromus_hordeaceus,,1,,64501113-ab03-4682-82d4-3e2ff1e06674,7/17/2026 11:52:14 PM,ccber_user,7/17/2026 11:52:14 PM,ccber_user
38021,f0ea5719-5c19-4dfd-82cd-ff5adfebce40,Festuca_perennis,,15,,d9e123be-599a-4c0b-ae15-2a8ea755548b,7/17/2026 11:52:19 PM,ccber_user,7/17/2026 11:52:19 PM,ccber_user
38020,b0f105e8-20a1-413c-ad69-71257ef9d51f,Festuca_perennis,,10,,ae2f3c59-8dc4-4b9e-8d75-186aa8bf68fd,7/17/2026 11:52:17 PM,ccber_user,7/17/2026 11:52:17 PM,ccber_user
38014,307bc56e-477f-4c1c-8d5e-d9a237928795,Bromus_hordeaceus,,2,,cfc9351e-f68a-4af7-a8e9-05fc55de9714,7/17/2026 11:52:11 PM,ccber_user,7/17/2026 11:52:11 PM,ccber_user
38015,f08ca3a6-adfe-4df9-9810-2e766a48bc8f,Festuca_perennis,,10,,cfc9351e-f68a-4af7-a8e9-05fc55de9714,7/17/2026 11:52:11 PM,ccber_user,7/17/2026 11:52:11 PM,ccber_user
38054,3d48bbc8-9564-48b5-ad88-c5a1a9012204,Festuca_perennis,,10,,7481a314-cf47-4bec-afcc-7ec13349939d,7/17/2026 11:52:29 PM,ccber_user,7/17/2026 11:52:29 PM,ccber_user
