ObjectID,GlobalID,Other Cover Type,Unlisted Other Cover,Percent Other Cover,Other Cover Notes,ParentGlobalID,CreationDate,Creator,EditDate,Editor
12807,3374387b-1746-4fc4-a936-b124c8a8a194,,,0,,bb05810d-888e-4e1c-a2f3-f12f7b978487,7/17/2026 11:52:22 PM,ccber_user,7/17/2026 11:52:22 PM,ccber_user
12819,7ab1a887-f74b-4eef-b64c-cdf978837c98,,,0,,7481a314-cf47-4bec-afcc-7ec13349939d,7/17/2026 11:52:29 PM,ccber_user,7/17/2026 11:52:29 PM,ccber_user
12811,cbdee7cc-3a5e-4bf9-905e-9f4c0eaf888d,,,0,,1b9f9966-fe2a-4be8-8ff6-7a1b15057a44,7/17/2026 11:52:25 PM,ccber_user,7/17/2026 11:52:25 PM,ccber_user
12814,473648e9-4ecf-47fa-bb3c-2e3c494fad2f,,,0,,56be8bb6-ab3a-449b-84b6-6f0b7340ea89,7/17/2026 11:52:26 PM,ccber_user,7/17/2026 11:52:26 PM,ccber_user
12803,70ae03df-bc28-4200-869f-c2c7222030cc,,,0,,7c93ab27-f2f6-44f0-aca4-693097a9ed3d,7/17/2026 11:52:16 PM,ccber_user,7/17/2026 11:52:16 PM,ccber_user
12806,1da89633-586d-414a-a37d-28ee3d072dc0,,,0,,b311ce87-1a28-460b-b43c-5a5cab2060a9,7/17/2026 11:52:20 PM,ccber_user,7/17/2026 11:52:20 PM,ccber_user
12809,84d2e6e4-81e5-4af9-a5cb-48ff5fd345ad,,,0,,4b84ce1f-7e29-4a99-a4af-4c78acfbf3cc,7/17/2026 11:52:23 PM,ccber_user,7/17/2026 11:52:23 PM,ccber_user
12802,1ee42e80-3412-4964-930c-4d278b01051d,,,0,,64501113-ab03-4682-82d4-3e2ff1e06674,7/17/2026 11:52:14 PM,ccber_user,7/17/2026 11:52:14 PM,ccber_user
12805,78495651-6a24-40ed-804f-2bfd58cc473f,,,0,,d9e123be-599a-4c0b-ae15-2a8ea755548b,7/17/2026 11:52:19 PM,ccber_user,7/17/2026 11:52:19 PM,ccber_user
12804,442ac92a-ff5c-423b-b3f9-aba5c0ed3ecd,,,0,,ae2f3c59-8dc4-4b9e-8d75-186aa8bf68fd,7/17/2026 11:52:17 PM,ccber_user,7/17/2026 11:52:17 PM,ccber_user
12801,48534dae-ef82-407a-afad-9471a7d09953,,,0,,cfc9351e-f68a-4af7-a8e9-05fc55de9714,7/17/2026 11:52:12 PM,ccber_user,7/17/2026 11:52:12 PM,ccber_user
