ObjectID,GlobalID,Unknown Species Description,Unknown Species Percent Cover,ParentGlobalID,CreationDate,Creator,EditDate,Editor
12658,75823ab7-dfa4-4f56-ad53-c26f723171cb,,0,bb05810d-888e-4e1c-a2f3-f12f7b978487,7/17/2026 11:52:22 PM,ccber_user,7/17/2026 11:52:22 PM,ccber_user
12669,f6ddde36-1e8d-453d-adcf-232a4e428c6d,,0,7481a314-cf47-4bec-afcc-7ec13349939d,7/17/2026 11:52:29 PM,ccber_user,7/17/2026 11:52:29 PM,ccber_user
12662,ffa7049b-c860-4c2c-9045-aa383a3d697f,,0,1b9f9966-fe2a-4be8-8ff6-7a1b15057a44,7/17/2026 11:52:25 PM,ccber_user,7/17/2026 11:52:25 PM,ccber_user
12665,837e7d0e-ca42-4b21-8ae8-7b0790985226,,0,56be8bb6-ab3a-449b-84b6-6f0b7340ea89,7/17/2026 11:52:26 PM,ccber_user,7/17/2026 11:52:26 PM,ccber_user
12654,4ce914f1-ade5-4735-b90d-cd3fb1579490,,0,7c93ab27-f2f6-44f0-aca4-693097a9ed3d,7/17/2026 11:52:16 PM,ccber_user,7/17/2026 11:52:16 PM,ccber_user
12657,67fb54f2-b0fd-447b-ad21-690577eee044,,0,b311ce87-1a28-460b-b43c-5a5cab2060a9,7/17/2026 11:52:20 PM,ccber_user,7/17/2026 11:52:20 PM,ccber_user
12660,954007ba-eb6a-4870-8ae1-79ae29d61f85,,0,4b84ce1f-7e29-4a99-a4af-4c78acfbf3cc,7/17/2026 11:52:23 PM,ccber_user,7/17/2026 11:52:23 PM,ccber_user
12653,bc2d8374-4c6d-4ed6-a7ed-cfa11476d83b,,0,64501113-ab03-4682-82d4-3e2ff1e06674,7/17/2026 11:52:14 PM,ccber_user,7/17/2026 11:52:14 PM,ccber_user
12656,fef404e4-7095-4109-a71a-3360ce749854,,0,d9e123be-599a-4c0b-ae15-2a8ea755548b,7/17/2026 11:52:19 PM,ccber_user,7/17/2026 11:52:19 PM,ccber_user
12655,d146750a-9cb6-4b9b-836d-c56952d8ebbe,,0,ae2f3c59-8dc4-4b9e-8d75-186aa8bf68fd,7/17/2026 11:52:17 PM,ccber_user,7/17/2026 11:52:17 PM,ccber_user
12652,7788004d-5d00-43ca-a6cc-f4061a8ab190,,0,cfc9351e-f68a-4af7-a8e9-05fc55de9714,7/17/2026 11:52:11 PM,ccber_user,7/17/2026 11:52:11 PM,ccber_user
