TimeStamp,Record,Zone,Latitude,Longitude,Moisture ( % ),Period ( us ),Attenuation,Permittivity,Probe Model
10/5/2026 3:47:31 PM,1,ZONE 00001,34.41964,-119.85448,12.77,2.0209,1.2416,7.0788,CD658 20cm rods
10/6/2026 4:22:16 PM,2,[Unspecified Zone],34.42007,-119.87902,9.35,1.8842,1.075,5.578,CD658 20cm rods
10/6/2026 4:22:27 PM,3,[Unspecified Zone],34.42007,-119.87902,9.35,1.8842,1.075,5.578,CD658 20cm rods
10/6/2026 4:22:44 PM,4,[Unspecified Zone],34.42007,-119.87902,3.03,1.0741,30.4666,1.883,CD658 20cm rods
10/6/2026 4:24:58 PM,5,[Unspecified Zone],34.42009,-119.87904,3.03,1.0741,30.4666,1.883,CD658 20cm rods
10/6/2026 4:29:36 PM,6,ZONE 00002,34.41981,-119.87890,15.07,2.0933,1.3284,8.147901,CD658 20cm rods
10/6/2026 4:29:44 PM,7,ZONE 00002,34.41981,-119.87890,15.07,2.0933,1.3284,8.147901,CD658 20cm rods
10/6/2026 4:31:18 PM,8,ZONE 00002,34.41981,-119.87890,14.98,2.0888,1.3179,8.1062,CD658 20cm rods
10/6/2026 4:31:51 PM,9,ZONE 00002,34.41981,-119.87890,14.94,2.0876,1.3168,8.0869,CD658 20cm rods
