date_harvested,date_measured,plant_id,root_dry_mass_g,live_shoot_dry_mass_g,dead_shoot_dry_mass_g,notes
2026-08-13,either 2026-08-14 or 2026-08-17,1,0.523,0.001,0.717,
2026-08-13,either 2026-08-14 or 2026-08-17,2,0.554,0.007,0.811,
,,,,,,
2026-08-13,either 2026-08-14 or 2026-08-17,4,0.664,0.009,1.044,
2026-08-13,either 2026-08-14 or 2026-08-17,5,1.422,0.338,1.759,
2026-08-13,either 2026-08-14 or 2026-08-17,6,0.157,0,0.254,
2026-08-13,either 2026-08-14 or 2026-08-17,7,0.661,0.081,1.239,
2026-08-13,either 2026-08-14 or 2026-08-17,8,1.414,0.01,1.187,
,,,,,,
2026-08-13,either 2026-08-14 or 2026-08-17,10,0.217,0.007,0.382,
2026-08-13,either 2026-08-14 or 2026-08-17,11,0.840,0.033,0.691,
2026-08-13,either 2026-08-14 or 2026-08-17,12,0.717,0.089,1.047,rocks = 0.045 g in roots
2026-08-13,either 2026-08-14 or 2026-08-17,13,0.845,0.096,1.011,
2026-08-13,either 2026-08-14 or 2026-08-17,14,1.054,0.184,1.307,
2026-08-13,either 2026-08-14 or 2026-08-17,15,1.201,0.021,0.932,
2026-08-13,either 2026-08-14 or 2026-08-17,16,0.612,0.038,1.101,
2026-08-13,either 2026-08-14 or 2026-08-17,17,0.740,0.026,0.791,
,,,,,,
2026-08-13,either 2026-08-14 or 2026-08-17,19,0.919,0.152,1.095,
,,,,,,
2026-08-13,either 2026-08-14 or 2026-08-17,21,0.899,0,1.214,
2026-07-10,,22,0.171,0,0.099,
,,,,,,
2026-08-13,either 2026-08-14 or 2026-08-17,24,0.165,0.001,0.312,
2026-08-13,either 2026-08-14 or 2026-08-17,25,0.366,0,0.558,
2026-08-13,either 2026-08-14 or 2026-08-17,26,0.917,0.014,1.043,
2026-08-13,either 2026-08-14 or 2026-08-17,27,1.861,0.159,2.123,
2026-08-13,either 2026-08-14 or 2026-08-17,28,0.885,0.034,1.214,
2026-08-13,either 2026-08-14 or 2026-08-17,29,0.395,0.001,0.814,"second set of measurements (to check dryness) on 2026-08-17: 0.406 roots, 0.000 green, 0.835 dead shoots"
2026-08-13,either 2026-08-14 or 2026-08-17,30,0.884,0,0.840,
2026-08-13,either 2026-08-14 or 2026-08-17,31,0.603,0.024,0.823,
,,,,,,
2026-08-13,either 2026-08-14 or 2026-08-17,33,0.928,0.177,1.292,
2026-08-13,either 2026-08-14 or 2026-08-17,34,0.557,0.02,1.136,
2026-08-13,either 2026-08-14 or 2026-08-17,35,0.507,0.052,0.512,
2026-08-13,either 2026-08-14 or 2026-08-17,36,0.612,0.09,1.032,
2026-08-13,either 2026-08-14 or 2026-08-17,37,0.484,0.002,0.935,
2026-08-13,either 2026-08-14 or 2026-08-17,38,0.540,0.041,0.678,
2026-08-13,either 2026-08-14 or 2026-08-17,39,0.436,0.053,0.715,
2026-08-13,either 2026-08-14 or 2026-08-17,40,0.283,0.011,0.559,
2026-08-14,2026-08-18,41,1.142,0.089,1.582,
2026-08-14,2026-08-18,42,1.361,0.31,1.761,
2026-08-14,2026-08-18,43,1.469,0.476,1.759,
2026-08-14,2026-08-18,44,1.883,0.349,2.389,
,,,,,,
2026-08-14,2026-08-18,46,0.850,0.092,1.219,
2026-08-14,2026-08-18,47,2.540,1.153,2.409,
2026-08-14,2026-08-18,48,1.112,0.323,2.050,
2026-08-14,2026-08-18,49,1.145,0.647,1.974,
,,,,,,
,,,,,,
2026-08-14,2026-08-18,52,1.571,0.383,1.515,
2026-08-14,2026-08-18,53,1.992,0.828,1.410,
2026-08-14,2026-08-18,54,0.302,0.047,0.684,
2026-08-14,2026-08-18,55,0.316,0.05,0.787,
2026-08-14,2026-08-18,56,1.190,0.383,1.220,
2026-08-14,2026-08-18,57,1.135,0,0.309,
2026-08-14,2026-08-18,58,0.496,0.003,0.698,
2026-08-14,2026-08-18,59,1.040,0.047,1.450,
2026-08-14,2026-08-18,60,0.913,0.051,0.995,
2026-08-14,2026-08-18,61,0.752,0.166,1.055,
2026-08-14,2026-08-18,62,1.209,0.166,1.164,
2026-08-14,2026-08-18,63,0.423,0.106,0.560,
2026-08-14,2026-08-18,64,0.393,0.022,0.760,
2026-08-14,2026-08-18,65,0.345,0.084,0.560,
2026-08-14,2026-08-18,66,0.677,0.202,0.679,
2026-08-14,2026-08-18,67,1.280,0.732,1.830,
2026-08-14,2026-08-18,68,1.695,0.368,1.920,
2026-08-14,2026-08-18,69,0.382,0.014,0.841,
,,,,,,
2026-08-14,2026-08-18,71,0.436,0.279,0.443,
,,,,,,
2026-08-14,2026-08-18,73,0.324,0.211,0.383,
,,,,,,
2026-08-14,2026-08-18,75,1.148,0.245,1.727,
2026-08-14,2026-08-18,76,1.696,0.556,0.000,
2026-08-14,2026-08-18,77,2.085,0.779,1.444,
2026-08-14,2026-08-18,78,0.420,0,0.503,
2026-08-14,2026-08-18,79,0.232,0,0.375,
2026-08-14,2026-08-18,80,0.816,0.351,0.785,