date_measured,sample_id,salinity_trt,water_trt,EC_uS_m,survival,notes
2026-09-24,1,0.8,wet,679,,1413 cal for 1-10
2026-09-24,2,0.8,wet,639,,1413 cal was used for all stipa final ec values
2026-09-24,5,0.8,wet,686,,
2026-09-24,7,0.8,wet,714,,
2026-09-24,10,0.8,wet,795,,
2026-09-23,11,0.8,dry,418,,1413 cal for 11-17
2026-09-23,12,0.8,dry,489,,
2026-09-23,14,0.8,dry,655,,
2026-09-23,16,0.8,dry,422,,
2026-09-23,17,0.8,dry,442,,
2026-09-23,24,4,wet,1361,,1413 cal for 24-30
2026-09-23,26,4,wet,1222,,
2026-09-23,27,4,wet,1355,,
2026-09-23,28,4,wet,1181,,
2026-09-23,30,4,wet,1371,,
2026-08-26,31,4,dry,928,,1413 cal for 31-40
2026-08-26,33,4,dry,1091,,
2026-08-26,38,4,dry,726,,
2026-08-26,39,4,dry,869,,
2026-08-26,40,4,dry,1052,,
2026-08-24,42,7.5,wet,1961,,1413 cal for 42-49
2026-08-24,43,7.5,wet,1815,,
2026-08-24,46,7.5,wet,2150,,
2026-08-24,47,7.5,wet,2360,,
2026-08-24,49,7.5,wet,1915,,
2026-08-19,53,7.5,dry,3060,,remeasured: 3060
2026-08-19,54,7.5,dry,1705,,
2026-08-19,57,7.5,dry,1889,,
2026-08-19,58,7.5,dry,1570,,
2026-08-19,60,7.5,dry,1531,,
2026-08-19,61,11,wet,2120,,
2026-08-19,62,11,wet,2330,,
2026-08-19,63,11,wet,909,,remeasured: 919
2026-08-19,66,11,wet,2090,,
2026-08-19,68,11,wet,2590,,
2026-08-19,71,11,dry,2640,,
2026-08-19,73,11,dry,2510,,
2026-08-19,76,11,dry,2540,,
2026-08-19,77,11,dry,3780,,
2026-08-19,79,11,dry,2120,,