Location,species,wilted_status,plant_id,Date,MPa,Time,Notes
MU,Bapi,,1,2025-11-07,2.4,Midday,
MU,Bapi,,1,2025-11-07,2.65,Midday,
MU,Bapi,,1,2025-11-07,2.4,Midday,
MU,Bapi,,1,2025-11-07,2.55,Midday,
MU,Bapi,,1,2025-11-07,2.45,Midday,
MU,Bapi,,2,2025-11-07,2.65,Midday,
MU,Bapi,,2,2025-11-07,2.7,Midday,
MU,Bapi,,2,2025-11-07,2.65,Midday,
MU,Bapi,,2,2025-11-07,2.65,Midday,
MU,Bapi,,3,2025-11-07,2.75,Midday,
MU,Bapi,,3,2025-11-07,2.6,Midday,
MU,Bapi,,3,2025-11-07,2.8,Midday,
MU,Arca,,1,2025-11-07,1.8,Midday,
MU,Arca,,1,2025-11-07,0.8,Midday,
MU,Arca,,1,2025-11-07,0.6,Midday,
MU,Arca,,1,2025-11-07,1.8,Midday,
MU,Arca,,1,2025-11-07,1.7,Midday,
MU,Arca,,2,2025-11-07,1.8,Midday,
MU,Arca,,2,2025-11-07,1.85,Midday,
MU,Arca,,2,2025-11-07,1.65,Midday,
MU,Arca,,2,2025-11-07,1.7,Midday,
MU,Arca,,2,2025-11-07,1.65,Midday,
ML,Bapi,,1,2025-11-07,2.1,Midday,
ML,Bapi,,1,2025-11-07,1.95,Midday,
ML,Bapi,,1,2025-11-07,1.95,Midday,
ML,Bapi,,1,2025-11-07,1.9,Midday,
ML,Bapi,,1,2025-11-07,1.95,Midday,
ML,Bapi,,2,2025-11-07,2.3,Midday,
ML,Bapi,,2,2025-11-07,2.5,Midday,
ML,Bapi,,2,2025-11-07,2.47,Midday,
ML,Bapi,,2,2025-11-07,2.45,Midday,
ML,Bapi,,2,2025-11-07,2.5,Midday,
ML,Bapi,,3,2025-11-07,1.5,Midday,
ML,Bapi,,3,2025-11-07,2,Midday,
ML,Bapi,,3,2025-11-07,2.1,Midday,
ML,Bapi,,3,2025-11-07,2,Midday,
ML,Bapi,,3,2025-11-07,2.2,Midday,
ML,Arca,,1,2025-11-07,1.95,Midday,
ML,Arca,,1,2025-11-07,2.05,Midday,
ML,Arca,,1,2025-11-07,1.8,Midday,
ML,Arca,,1,2025-11-07,2,Midday,
ML,Arca,,1,2025-11-07,2.05,Midday,
ML,Arca,,2,2025-11-07,1.8,Midday,
ML,Arca,,2,2025-11-07,1.85,Midday,
ML,Arca,,2,2025-11-07,1.8,Midday,
ML,Arca,,2,2025-11-07,1.75,Midday,
ML,Arca,,2,2025-11-07,1.75,Midday,
ML,Arca,,3,2025-11-07,1.75,Midday,
ML,Arca,,3,2025-11-07,1.8,Midday,
ML,Arca,,3,2025-11-07,1.8,Midday,
SP,Bapi,,1,2025-11-07,1.6,Midday,
SP,Bapi,,1,2025-11-07,1.9,Midday,
SP,Bapi,,1,2025-11-07,1.75,Midday,
SP,Bapi,,1,2025-11-07,1.7,Midday,
SP,Bapi,,1,2025-11-07,1.87,Midday,
SP,Bapi,,2,2025-11-07,1.55,Midday,
SP,Bapi,,2,2025-11-07,1.6,Midday,
SP,Bapi,,2,2025-11-07,1.6,Midday,
SP,Bapi,,2,2025-11-07,1.7,Midday,
SP,Bapi,,2,2025-11-07,1.7,Midday,
SP,Bapi,,3,2025-11-07,1.95,Midday,
SP,Bapi,,3,2025-11-07,1.6,Midday,
SP,Bapi,,3,2025-11-07,1.75,Midday,
SP,Bapi,,3,2025-11-07,1.65,Midday,
SP,Bapi,,3,2025-11-07,1.78,Midday,
SP,Arca,,1,2025-11-07,1.6,Midday,
SP,Arca,,1,2025-11-07,1.55,Midday,
SP,Arca,,1,2025-11-07,1.4,Midday,
SP,Arca,,1,2025-11-07,1.4,Midday,
SP,Arca,,2,2025-11-07,1.75,Midday,
SP,Arca,,2,2025-11-07,1.75,Midday,
SP,Arca,,2,2025-11-07,1.82,Midday,
SP,Arca,,3,2025-11-07,1.87,Midday,
SP,Arca,,3,2025-11-07,1.68,Midday,
SP,Arca,,3,2025-11-07,1.91,Midday,
SP,Arca,,3,2025-11-07,1.66,Midday,
SP,Arca,,3,2025-11-07,1.8,Midday,
MU,Bapi,,1,2025-12-03,1.5,Midday,
MU,Bapi,,1,2025-12-03,1.6,Midday,
MU,Bapi,,1,2025-12-03,1.75,Midday,
MU,Bapi,,1,2025-12-03,1.93,Midday,
MU,Bapi,,1,2025-12-03,1.85,Midday,
MU,Bapi,,2,2025-12-03,1.5,Midday,
MU,Bapi,,2,2025-12-03,1.45,Midday,
MU,Bapi,,2,2025-12-03,1.7,Midday,
MU,Bapi,,2,2025-12-03,1.65,Midday,
MU,Bapi,,2,2025-12-03,1.8,Midday,
MU,Bapi,,3,2025-12-03,1.85,Midday,
MU,Bapi,,3,2025-12-03,2.1,Midday,
MU,Bapi,,3,2025-12-03,2.15,Midday,
MU,Bapi,,3,2025-12-03,2.5,Midday,
MU,Bapi,,3,2025-12-03,2.35,Midday,
MU,Arca,,1,2025-12-03,1.2,Midday,
MU,Arca,,1,2025-12-03,1.5,Midday,
MU,Arca,,1,2025-12-03,1.27,Midday,
MU,Arca,,1,2025-12-03,1.54,Midday,
MU,Arca,,1,2025-12-03,1.52,Midday,
MU,Arca,,2,2025-12-03,1.8,Midday,
MU,Arca,,2,2025-12-03,1.8,Midday,
MU,Arca,,2,2025-12-03,1.8,Midday,
MU,Arca,,2,2025-12-03,1.9,Midday,
MU,Arca,,2,2025-12-03,1.85,Midday,
MU,Arca,,3,2025-12-03,1.9,Midday,
MU,Arca,,3,2025-12-03,2,Midday,
MU,Arca,,3,2025-12-03,1.9,Midday,
MU,Arca,,3,2025-12-03,1.8,Midday,
ML,Bapi,,1,2025-12-03,2,Midday,
ML,Bapi,,1,2025-12-03,1.5,Midday,
ML,Bapi,,1,2025-12-03,1.58,Midday,
ML,Bapi,,1,2025-12-03,1.39,Midday,
ML,Bapi,,1,2025-12-03,1.55,Midday,
ML,Bapi,,2,2025-12-03,1.86,Midday,
ML,Bapi,,2,2025-12-03,1.82,Midday,
ML,Bapi,,2,2025-12-03,1.88,Midday,
ML,Bapi,,2,2025-12-03,1.85,Midday,
ML,Bapi,,2,2025-12-03,1.8,Midday,
ML,Bapi,,3,2025-12-03,2.34,Midday,
ML,Bapi,,3,2025-12-03,2.28,Midday,
ML,Bapi,,3,2025-12-03,2.76,Midday,
ML,Bapi,,3,2025-12-03,2.51,Midday,
ML,Bapi,,3,2025-12-03,2.8,Midday,
ML,Arca,,1,2025-12-03,1.56,Midday,
ML,Arca,,1,2025-12-03,1.35,Midday,
ML,Arca,,2,2025-12-03,1.56,Midday,
ML,Arca,,2,2025-12-03,1.45,Midday,
ML,Arca,,2,2025-12-03,1.52,Midday,
ML,Arca,,2,2025-12-03,1.46,Midday,
ML,Arca,,2,2025-12-03,1.5,Midday,
ML,Arca,,3,2025-12-03,1.61,Midday,
ML,Arca,,3,2025-12-03,1.52,Midday,
ML,Arca,,3,2025-12-03,1.46,Midday,
ML,Arca,,3,2025-12-03,1.69,Midday,
ML,Arca,,3,2025-12-03,1.59,Midday,
SP,Bapi,,1,2025-12-03,1.65,Midday,
SP,Bapi,,1,2025-12-03,1.68,Midday,
SP,Bapi,,1,2025-12-03,1.72,Midday,
SP,Bapi,,1,2025-12-03,1.68,Midday,
SP,Bapi,,1,2025-12-03,1.74,Midday,
SP,Bapi,,2,2025-12-03,1.34,Midday,
SP,Bapi,,2,2025-12-03,1.32,Midday,
SP,Bapi,,2,2025-12-03,1.62,Midday,
SP,Bapi,,2,2025-12-03,1.42,Midday,
SP,Bapi,,2,2025-12-03,1.57,Midday,
SP,Bapi,,3,2025-12-03,1.02,Midday,
SP,Bapi,,3,2025-12-03,1.07,Midday,
SP,Bapi,,3,2025-12-03,1.42,Midday,
SP,Bapi,,3,2025-12-03,1.01,Midday,
SP,Bapi,,3,2025-12-03,1.03,Midday,
SP,Arca,,1,2025-12-03,1.02,Midday,
SP,Arca,,1,2025-12-03,1.05,Midday,
SP,Arca,,1,2025-12-03,1.12,Midday,
SP,Arca,,1,2025-12-03,1.04,Midday,
SP,Arca,,1,2025-12-03,1.25,Midday,
SP,Arca,,2,2025-12-03,1.23,Midday,
SP,Arca,,2,2025-12-03,1.27,Midday,
SP,Arca,,2,2025-12-03,1.25,Midday,
SP,Arca,,2,2025-12-03,1.19,Midday,
SP,Arca,,2,2025-12-03,1.35,Midday,
SP,Arca,,3,2025-12-03,1.1,Midday,
SP,Arca,,3,2025-12-03,1,Midday,
SP,Arca,,3,2025-12-03,0.95,Midday,
SP,Arca,,3,2025-12-03,1.02,Midday,
SP,Arca,,1,2026-01-14,1.59,Midday,
SP,Arca,,1,2026-01-14,1.5,Midday,
SP,Arca,,1,2026-01-14,1.69,Midday,
SP,Arca,,2,2026-01-14,1.54,Midday,
SP,Arca,,2,2026-01-14,1.64,Midday,
SP,Arca,,2,2026-01-14,1.8,Midday,
SP,Arca,,3,2026-01-14,1.35,Midday,
SP,Arca,,3,2026-01-14,1.34,Midday,
SP,Arca,,3,2026-01-14,1.36,Midday,
SP,Bapi,,1,2026-01-14,1.63,Midday,
SP,Bapi,,1,2026-01-14,1.6,Midday,
SP,Bapi,,1,2026-01-14,1.58,Midday,
SP,Bapi,,2,2026-01-14,1.36,Midday,
SP,Bapi,,2,2026-01-14,1.3,Midday,
SP,Bapi,,2,2026-01-14,1.42,Midday,
SP,Bapi,,3,2026-01-14,1.53,Midday,
SP,Bapi,,3,2026-01-14,1.31,Midday,
SP,Bapi,,3,2026-01-14,1.52,Midday,
SP,Sale,,1,2026-01-14,1.3,Midday,
SP,Sale,,1,2026-01-14,1.35,Midday,
SP,Sale,,1,2026-01-14,1.34,Midday,
SP,Sale,,2,2026-01-14,1.1,Midday,
SP,Sale,,2,2026-01-14,1.05,Midday,
SP,Sale,,2,2026-01-14,1.19,Midday,
SP,Sale,,3,2026-01-14,1.41,Midday,
SP,Sale,,3,2026-01-14,1.25,Midday,
SP,Sale,,3,2026-01-14,1.26,Midday,
SP,Lonic,,1,2026-01-14,1.34,Midday,
SP,Lonic,,1,2026-01-14,1.5,Midday,
SP,Lonic,,1,2026-01-14,1.59,Midday,
SP,Lonic,,2,2026-01-14,1.66,Midday,
SP,Lonic,,2,2026-01-14,1.54,Midday,
SP,Lonic,,2,2026-01-14,1.83,Midday,
SP,Lonic,,3,2026-01-14,1.49,Midday,
SP,Lonic,,3,2026-01-14,1.55,Midday,
SP,Lonic,,3,2026-01-14,1.59,Midday,
Mesa,Arca,,1,2026-01-14,3.18,Midday,
Mesa,Arca,,1,2026-01-14,3.02,Midday,
Mesa,Arca,,1,2026-01-14,2.94,Midday,
Mesa,Arca,,2,2026-01-14,1.62,Midday,
Mesa,Arca,,2,2026-01-14,1.51,Midday,
Mesa,Arca,,2,2026-01-14,1.6,Midday,
Mesa,Arca,,3,2026-01-14,1.68,Midday,
Mesa,Arca,,3,2026-01-14,1.73,Midday,
Mesa,Arca,,3,2026-01-14,1.8,Midday,
Mesa,Bapi,,1,2026-01-14,1.94,Midday,
Mesa,Bapi,,1,2026-01-14,2.08,Midday,
Mesa,Bapi,,1,2026-01-14,2.05,Midday,
Mesa,Bapi,,2,2026-01-14,2.23,Midday,
Mesa,Bapi,,2,2026-01-14,2.38,Midday,
Mesa,Bapi,,2,2026-01-14,2.42,Midday,
Mesa,Bapi,,3,2026-01-14,1.61,Midday,
Mesa,Bapi,,3,2026-01-14,1.55,Midday,
Mesa,Bapi,,3,2026-01-14,1.52,Midday,
Mesa,Sale,,1,2026-01-14,1.35,Midday,
Mesa,Sale,,1,2026-01-14,1.23,Midday,
Mesa,Sale,,1,2026-01-14,1.23,Midday,
Mesa,Sale,,2,2026-01-14,1.48,Midday,
Mesa,Sale,,2,2026-01-14,1.56,Midday,
Mesa,Sale,,2,2026-01-14,1.57,Midday,
Mesa,Sale,,3,2026-01-14,0.85,Midday,
Mesa,Sale,,3,2026-01-14,1.31,Midday,
Mesa,Sale,,3,2026-01-14,1.41,Midday,
Mesa,Sale,,4,2026-01-14,1.33,Midday,
Mesa,Lonic,,1,2026-01-14,1.8,Midday,
Mesa,Lonic,,1,2026-01-14,1.76,Midday,
Mesa,Lonic,,1,2026-01-14,1.63,Midday,
Mesa,Lonic,,2,2026-01-14,1.19,Midday,
Mesa,Lonic,,2,2026-01-14,1.15,Midday,
Mesa,Lonic,,2,2026-01-14,1.15,Midday,
Mesa,Lonic,,3,2026-01-14,1.36,Midday,
Mesa,Lonic,,3,2026-01-14,1.39,Midday,
Mesa,Lonic,,3,2026-01-14,1.43,Midday,
Mesa,Roca,,1,2026-01-14,1.9,Midday,
Mesa,Roca,,1,2026-01-14,1.95,Midday,
Mesa,Roca,,1,2026-01-14,1.81,Midday,
Mesa,Roca,,2,2026-01-14,1.8,Midday,
Mesa,Roca,,2,2026-01-14,1.81,Midday,
Mesa,Roca,,2,2026-01-14,1.95,Midday,
Mesa,Roca,,3,2026-01-14,,Midday,x
Mesa,Roca,,3,2026-01-14,1.8,Midday,
Mesa,Roca,,3,2026-01-14,1.95,Midday,
Mesa,Rhin,,1,2026-01-14,0.2,Midday,
Mesa,Rhin,,1,2026-01-14,0.25,Midday,
Mesa,Rhin,,1,2026-01-14,,Midday,x
Mesa,Rhin,,2,2026-01-14,0.4,Midday,
Mesa,Rhin,,2,2026-01-14,0.15,Midday,
Mesa,Rhin,,2,2026-01-14,0.05,Midday,
Mesa,Rhin,,3,2026-01-14,0.35,Midday,
Mesa,Rhin,,3,2026-01-14,0.3,Midday,
Mesa,Rhin,,3,2026-01-14,0.35,Midday,
Mesa,Enca,Not Wilty,1,2026-02-26,1.691,Midday,
Mesa,Enca,Not Wilty,1,2026-02-26,1.732,Midday,
Mesa,Enca,Not Wilty,1,2026-02-26,2.057,Midday,
Mesa,Enca,Not Wilty,2,2026-02-26,2.59,Midday,
Mesa,Enca,Not Wilty,2,2026-02-26,2.45,Midday,
Mesa,Enca,Not Wilty,2,2026-02-26,2.3,Midday,
Mesa,Enca,Not Wilty,2,2026-02-26,2.238,Midday,
Mesa,Enca,Not Wilty,2,2026-02-26,2.6,Midday,
Mesa,Enca,Not Wilty,3,2026-02-26,2.3,Midday,
Mesa,Enca,Not Wilty,3,2026-02-26,2.28,Midday,
Mesa,Enca,Not Wilty,3,2026-02-26,2.14,Midday,
Mesa,Enca,Not Wilty,3,2026-02-26,2.23,Midday,
Mesa,Enca,Not Wilty,3,2026-02-26,3.472,Midday,
Mesa,Enca,Wilty,1,2026-02-26,3.451,Midday,Many of these stems popped so something to consider when looking at water potential value
Mesa,Enca,Wilty,1,2026-02-26,3.08,Midday,
Mesa,Enca,Wilty,1,2026-02-26,3.28,Midday,
Mesa,Enca,Wilty,1,2026-02-26,2.56,Midday,
Mesa,Enca,Wilty,2,2026-02-26,2.645,Midday,
Mesa,Enca,Wilty,2,2026-02-26,2.156,Midday,
Mesa,Enca,Wilty,2,2026-02-26,2.38,Midday,
Mesa,Enca,Wilty,2,2026-02-26,2.27,Midday,
Mesa,Enca,Wilty,3,2026-02-26,1.54,Midday,
Mesa,Enca,Wilty,3,2026-02-26,1.55,Midday,
Mesa,Enca,Wilty,3,2026-02-26,1.63,Midday,
Mesa,Enca,Wilty,3,2026-02-26,1.78,Midday,
Mesa,Enca,Wilty,4,2026-02-26,1.78,Midday,
Mesa,Enca,Wilty,4,2026-02-26,1.8,Midday,
Mesa,Enca,Wilty,4,2026-02-26,1.95,Midday,
Mesa,Enca,Wilty,4,2026-02-26,2.08,Midday,
Mesa,Arca,,1,2026-02-26,1.88,Midday,
Mesa,Arca,,1,2026-02-26,1.95,Midday,
Mesa,Arca,,1,2026-02-26,1.87,Midday,
Mesa,Arca,,1,2026-02-26,1.75,Midday,
Mesa,Arca,,2,2026-02-26,1.8,Midday,
Mesa,Arca,,2,2026-02-26,1.55,Midday,
Mesa,Arca,,2,2026-02-26,1.59,Midday,
Mesa,Arca,,2,2026-02-26,1.1,Midday,
Mesa,Arca,,2,2026-02-26,1.63,Midday,
Mesa,Arca,,3,2026-02-26,2.33,Midday,
Ref,Enca,Not Wilty,1,2026-02-26,1.81,Midday,
Ref,Enca,Not Wilty,1,2026-02-26,1.85,Midday,
Ref,Enca,Not Wilty,1,2026-02-26,1.92,Midday,
Ref,Enca,Not Wilty,1,2026-02-26,1.65,Midday,
Ref,Enca,Not Wilty,1,2026-02-26,1.83,Midday,
Ref,Enca,Not Wilty,2,2026-02-26,1.79,Midday,
Ref,Enca,Not Wilty,2,2026-02-26,2.1,Midday,
Ref,Enca,Not Wilty,2,2026-02-26,1.86,Midday,
Ref,Enca,Not Wilty,2,2026-02-26,1.6,Midday,
Ref,Enca,Wilty,1,2026-02-26,1.74,Midday,
Ref,Enca,Wilty,1,2026-02-26,1.63,Midday,
Ref,Enca,Wilty,1,2026-02-26,1.65,Midday,
Ref,Enca,Wilty,1,2026-02-26,2.85,Midday,
Ref,Enca,Wilty,1,2026-02-26,2.15,Midday,
Ref,Enca,Wilty,2,2026-02-26,1.78,Midday,
Ref,Enca,Wilty,2,2026-02-26,1.72,Midday,
Ref,Enca,Wilty,2,2026-02-26,1.79,Midday,
Ref,Arca,,1,2026-02-26,1.79,Midday,
Ref,Arca,,1,2026-02-26,1.64,Midday,
Ref,Arca,,1,2026-02-26,1.87,Midday,
Ref,Arca,,1,2026-02-26,1.94,Midday,
Ref,Arca,,2,2026-02-26,1.63,Midday,
Ref,Arca,,2,2026-02-26,1.65,Midday,
Ref,Arca,,2,2026-02-26,1.74,Midday,
Ref,Arca,,2,2026-02-26,1.71,Midday,
Ref,Arca,,3,2026-02-26,1.96,Midday,
Ref,Arca,,3,2026-02-26,1.66,Midday,
Ref,Arca,,3,2026-02-26,1.91,Midday,
Ref,Arca,,3,2026-02-26,1.77,Midday,
Ref,Arca,,3,2026-02-26,1.73,Midday,